<?xml version="1.0" encoding="UTF-8"?>
<project-private xmlns="http://www.netbeans.org/ns/project-private/1">
    <editor-bookmarks xmlns="http://www.netbeans.org/ns/editor-bookmarks/2" lastBookmarkId="0"/>
    <open-files xmlns="http://www.netbeans.org/ns/projectui-open-files/2">
        <group>
            <file>file:/E:/Fall%20Classes%202017/CSC%20251%20-%20Advanced%20Java%20Programming/M3_L3_WitterShawn/src/m3_l3_wittershawn/M3_L3_WitterShawn.java</file>
            <file>file:/E:/Fall%20Classes%202017/CSC%20251%20-%20Advanced%20Java%20Programming/M3_L3_WitterShawn/src/m3_l3_wittershawn/Employee.java</file>
            <file>file:/E:/Fall%20Classes%202017/CSC%20251%20-%20Advanced%20Java%20Programming/M3_L3_WitterShawn/src/m3_l3_wittershawn/ProductionWorker.java</file>
        </group>
    </open-files>
</project-private>
